{
  "accuracy": 0.934752429430819,
  "precision": 0.9572953736654805,
  "recall": 0.9431977559607293,
  "f1_score": 0.9501942776404098
}